match_id,season,match_date,team1,team2,venue_raw,stage,adjustment,reason,source_url
336030,2008,2008-05-22,Delhi Daredevils,Kolkata Knight Riders,Feroz Shah Kotla,League,abandoned_no_ball,Abandoned without a ball bowled (rain); 1 point each,https://en.wikipedia.org/wiki/2008_Indian_Premier_League
392187,2009,2009-04-21,Rajasthan Royals,Mumbai Indians,Kingsmead,League,abandoned_no_ball,Abandoned without a ball bowled (rain); 1 point each,https://en.wikipedia.org/wiki/2009_Indian_Premier_League
392193,2009,2009-04-25,Chennai Super Kings,Kolkata Knight Riders,Newlands,League,abandoned_no_ball,Abandoned without a ball bowled (rain); 1 point each,https://en.wikipedia.org/wiki/2009_Indian_Premier_League
501217,2011,2011-04-19,Royal Challengers Bangalore,Rajasthan Royals,M Chinnaswamy Stadium,League,abandoned_no_ball,Abandoned without a ball bowled (rain); 1 point each,https://en.wikipedia.org/wiki/2011_Indian_Premier_League
548338,2012,2012-04-24,Kolkata Knight Riders,Deccan Chargers,Eden Gardens,League,abandoned_no_ball,Abandoned without a toss (rain); 1 point each,https://en.wikipedia.org/wiki/2012_Indian_Premier_League
548340,2012,2012-04-25,Royal Challengers Bangalore,Chennai Super Kings,M Chinnaswamy Stadium,League,abandoned_no_ball,Abandoned without a ball bowled (rain); 1 point each,https://en.wikipedia.org/wiki/2012_Indian_Premier_League
829755,2015,2015-04-26,Kolkata Knight Riders,Rajasthan Royals,Eden Gardens,League,abandoned_no_ball,Abandoned without a toss (rain); 1 point each,https://en.wikipedia.org/wiki/2015_Indian_Premier_League
1082619,2017,2017-04-25,Royal Challengers Bangalore,Sunrisers Hyderabad,M Chinnaswamy Stadium,League,abandoned_no_ball,Abandoned without a ball bowled (rain); 1 point each,https://en.wikipedia.org/wiki/2017_Indian_Premier_League
1426301,2024,2024-05-13,Gujarat Titans,Kolkata Knight Riders,"Narendra Modi Stadium, Ahmedabad",League,abandoned_no_ball,Abandoned without a ball bowled (rain); 1 point each,https://en.wikipedia.org/wiki/2024_Indian_Premier_League
1426304,2024,2024-05-16,Sunrisers Hyderabad,Gujarat Titans,"Rajiv Gandhi International Stadium, Uppal, Hyderabad",League,abandoned_no_ball,Abandoned without a ball bowled (rain); 1 point each,https://en.wikipedia.org/wiki/2024_Indian_Premier_League
1426308,2024,2024-05-19,Rajasthan Royals,Kolkata Knight Riders,"Barsapara Cricket Stadium, Guwahati",League,abandoned_no_ball,Abandoned after the toss without a ball bowled (rain); 1 point each,https://en.wikipedia.org/wiki/2024_Indian_Premier_League
1473496,2025,2025-05-17,Royal Challengers Bengaluru,Kolkata Knight Riders,"M Chinnaswamy Stadium, Bengaluru",League,abandoned_no_ball,Abandoned without a ball bowled (rain); 1 point each,https://en.wikipedia.org/wiki/2025_Indian_Premier_League
1473495,2025,2025-05-08,Punjab Kings,Delhi Capitals,"Himachal Pradesh Cricket Association Stadium, Dharamsala",League,void,Stopped at 10.1 overs (security); voided with no points and replayed in full on 2025-05-24,https://en.wikipedia.org/wiki/2025_Indian_Premier_League
