team,franchise,team_short_name,franchise_short_name
Chennai Super Kings,Chennai Super Kings,CSK,CSK
Deccan Chargers,Deccan Chargers,DEC,DEC
Delhi Capitals,Delhi Capitals,DC,DC
Delhi Daredevils,Delhi Capitals,DD,DC
Gujarat Lions,Gujarat Lions,GL,GL
Gujarat Titans,Gujarat Titans,GT,GT
Kings XI Punjab,Punjab Kings,KXIP,PBKS
Kochi Tuskers Kerala,Kochi Tuskers Kerala,KTK,KTK
Kolkata Knight Riders,Kolkata Knight Riders,KKR,KKR
Lucknow Super Giants,Lucknow Super Giants,LSG,LSG
Mumbai Indians,Mumbai Indians,MI,MI
Pune Warriors,Pune Warriors India,PWI,PWI
Punjab Kings,Punjab Kings,PBKS,PBKS
Rajasthan Royals,Rajasthan Royals,RR,RR
Rising Pune Supergiant,Rising Pune Supergiant,RPS,RPS
Rising Pune Supergiants,Rising Pune Supergiant,RPS,RPS
Royal Challengers Bangalore,Royal Challengers Bengaluru,RCB,RCB
Royal Challengers Bengaluru,Royal Challengers Bengaluru,RCB,RCB
Sunrisers Hyderabad,Sunrisers Hyderabad,SRH,SRH
