venue_raw,venue,city,country
Arun Jaitley Stadium,Arun Jaitley Stadium,Delhi,India
"Arun Jaitley Stadium, Delhi",Arun Jaitley Stadium,Delhi,India
Feroz Shah Kotla,Arun Jaitley Stadium,Delhi,India
Barabati Stadium,Barabati Stadium,Cuttack,India
"Barsapara Cricket Stadium, Guwahati",Barsapara Cricket Stadium,Guwahati,India
"Bharat Ratna Shri Atal Bihari Vajpayee Ekana Cricket Stadium, Lucknow",Bharat Ratna Shri Atal Bihari Vajpayee Ekana Cricket Stadium,Lucknow,India
Brabourne Stadium,Brabourne Stadium,Mumbai,India
"Brabourne Stadium, Mumbai",Brabourne Stadium,Mumbai,India
Buffalo Park,Buffalo Park,East London,South Africa
De Beers Diamond Oval,De Beers Diamond Oval,Kimberley,South Africa
Dr DY Patil Sports Academy,Dr DY Patil Sports Academy,Navi Mumbai,India
"Dr DY Patil Sports Academy, Mumbai",Dr DY Patil Sports Academy,Navi Mumbai,India
Dr. Y.S. Rajasekhara Reddy ACA-VDCA Cricket Stadium,Dr. Y.S. Rajasekhara Reddy ACA-VDCA Cricket Stadium,Visakhapatnam,India
"Dr. Y.S. Rajasekhara Reddy ACA-VDCA Cricket Stadium, Visakhapatnam",Dr. Y.S. Rajasekhara Reddy ACA-VDCA Cricket Stadium,Visakhapatnam,India
Dubai International Cricket Stadium,Dubai International Cricket Stadium,Dubai,United Arab Emirates
Eden Gardens,Eden Gardens,Kolkata,India
"Eden Gardens, Kolkata",Eden Gardens,Kolkata,India
Green Park,Green Park,Kanpur,India
Himachal Pradesh Cricket Association Stadium,Himachal Pradesh Cricket Association Stadium,Dharamsala,India
"Himachal Pradesh Cricket Association Stadium, Dharamsala",Himachal Pradesh Cricket Association Stadium,Dharamsala,India
Holkar Cricket Stadium,Holkar Cricket Stadium,Indore,India
JSCA International Stadium Complex,JSCA International Stadium Complex,Ranchi,India
Kingsmead,Kingsmead,Durban,South Africa
M Chinnaswamy Stadium,M Chinnaswamy Stadium,Bengaluru,India
"M Chinnaswamy Stadium, Bengaluru",M Chinnaswamy Stadium,Bengaluru,India
M.Chinnaswamy Stadium,M Chinnaswamy Stadium,Bengaluru,India
MA Chidambaram Stadium,MA Chidambaram Stadium,Chennai,India
"MA Chidambaram Stadium, Chepauk",MA Chidambaram Stadium,Chennai,India
"MA Chidambaram Stadium, Chepauk, Chennai",MA Chidambaram Stadium,Chennai,India
"Maharaja Yadavindra Singh International Cricket Stadium, Mullanpur",Maharaja Yadavindra Singh International Cricket Stadium,Mullanpur,India
"Maharaja Yadavindra Singh International Cricket Stadium, New Chandigarh",Maharaja Yadavindra Singh International Cricket Stadium,Mullanpur,India
Maharashtra Cricket Association Stadium,Maharashtra Cricket Association Stadium,Pune,India
"Maharashtra Cricket Association Stadium, Pune",Maharashtra Cricket Association Stadium,Pune,India
Subrata Roy Sahara Stadium,Maharashtra Cricket Association Stadium,Pune,India
"Narendra Modi Stadium, Ahmedabad",Narendra Modi Stadium,Ahmedabad,India
"Sardar Patel Stadium, Motera",Narendra Modi Stadium,Ahmedabad,India
Nehru Stadium,Nehru Stadium,Kochi,India
New Wanderers Stadium,New Wanderers Stadium,Johannesburg,South Africa
Newlands,Newlands,Cape Town,South Africa
OUTsurance Oval,OUTsurance Oval,Bloemfontein,South Africa
Punjab Cricket Association IS Bindra Stadium,Punjab Cricket Association IS Bindra Stadium,Mohali,India
"Punjab Cricket Association IS Bindra Stadium, Mohali",Punjab Cricket Association IS Bindra Stadium,Mohali,India
"Punjab Cricket Association IS Bindra Stadium, Mohali, Chandigarh",Punjab Cricket Association IS Bindra Stadium,Mohali,India
"Punjab Cricket Association Stadium, Mohali",Punjab Cricket Association IS Bindra Stadium,Mohali,India
Rajiv Gandhi International Stadium,Rajiv Gandhi International Stadium,Hyderabad,India
"Rajiv Gandhi International Stadium, Uppal",Rajiv Gandhi International Stadium,Hyderabad,India
"Rajiv Gandhi International Stadium, Uppal, Hyderabad",Rajiv Gandhi International Stadium,Hyderabad,India
Saurashtra Cricket Association Stadium,Saurashtra Cricket Association Stadium,Rajkot,India
Sawai Mansingh Stadium,Sawai Mansingh Stadium,Jaipur,India
"Sawai Mansingh Stadium, Jaipur",Sawai Mansingh Stadium,Jaipur,India
Shaheed Veer Narayan Singh International Stadium,Shaheed Veer Narayan Singh International Stadium,Raipur,India
"Shaheed Veer Narayan Singh International Stadium, Raipur",Shaheed Veer Narayan Singh International Stadium,Raipur,India
Sharjah Cricket Stadium,Sharjah Cricket Stadium,Sharjah,United Arab Emirates
Sheikh Zayed Stadium,Zayed Cricket Stadium,Abu Dhabi,United Arab Emirates
"Zayed Cricket Stadium, Abu Dhabi",Zayed Cricket Stadium,Abu Dhabi,United Arab Emirates
St George's Park,St George's Park,Gqeberha,South Africa
SuperSport Park,SuperSport Park,Centurion,South Africa
"Vidarbha Cricket Association Stadium, Jamtha",Vidarbha Cricket Association Stadium,Nagpur,India
Wankhede Stadium,Wankhede Stadium,Mumbai,India
"Wankhede Stadium, Mumbai",Wankhede Stadium,Mumbai,India
